step,d_loss,g_loss,elapsed_seconds
0,1.503324,0.697525,18.090
1,1.053934,0.716308,19.056
2,0.179581,0.744120,20.006
3,0.059547,0.783395,20.961
4,0.026800,0.835324,21.913
5,0.018194,0.903312,22.886
6,0.015256,0.992701,23.844
7,0.013086,1.110460,24.800
8,0.022224,1.248509,25.753
9,0.032386,1.407598,26.724
10,0.024705,1.587945,27.679
11,0.015709,1.781732,28.624
12,0.015422,1.984788,29.582
13,0.019646,2.205906,30.542
14,0.017245,2.439786,31.505
15,0.017850,2.671384,32.473
16,0.024450,2.902841,33.447
17,0.018464,3.127921,34.398
18,0.020918,3.336459,35.375
19,0.024589,3.525591,36.348
20,0.019728,3.715580,37.305
21,0.022471,3.924626,38.246
22,0.013729,4.127754,39.229
23,0.017819,4.334198,40.169
24,0.018890,4.563422,41.099
25,0.010113,4.716263,42.038
26,0.011154,4.873581,43.045
27,0.012953,5.011986,43.993
28,0.009909,5.135510,44.954
29,0.011637,5.265477,46.002
30,0.008511,5.344933,46.965
31,0.007730,5.416941,47.936
32,0.009979,5.467518,48.886
33,0.008214,5.517185,49.836
34,0.010641,5.566497,50.770
35,0.006739,5.573214,51.722
36,0.010949,5.583858,52.658
37,0.006428,5.558724,53.607
38,0.006804,5.508592,54.544
39,0.006840,5.412212,55.500
40,0.008886,5.304450,56.455
41,0.008656,5.167851,57.425
42,0.008066,5.057146,58.403
43,0.006546,4.848011,59.368
44,0.009023,4.694345,60.337
45,0.008293,4.484692,61.282
46,0.011138,4.330181,62.235
47,0.004457,4.176086,63.212
48,0.006601,3.966235,64.202
49,0.004954,3.711026,65.161
50,0.010097,3.494973,66.127
51,0.006986,3.314893,67.082
52,0.007080,3.085712,68.034
53,0.010895,2.827543,69.033
54,0.009684,2.633903,70.018
55,0.007195,2.426174,70.967
56,0.009130,2.259589,71.943
57,0.010473,2.030967,72.895
58,0.012298,1.948089,73.857
59,0.010175,1.870757,74.823
60,0.005105,1.594268,75.794
61,0.019177,1.872799,76.761
62,0.005068,1.778865,77.753
63,0.010163,1.480291,78.719
64,0.005218,1.193536,79.700
65,0.023061,1.412539,80.637
66,0.012973,1.300840,81.587
67,0.008232,1.195722,82.565
68,0.012291,1.310721,83.526
69,0.015752,1.446758,84.497
70,0.016411,1.760691,85.473
71,0.050638,4.059008,86.416
72,0.008662,3.901963,87.430
73,0.018176,2.586774,88.382
74,0.030676,1.799525,89.344
75,0.096717,6.572961,90.315
76,0.016235,6.874924,91.271
77,0.008403,5.080134,92.226
78,0.006132,3.188710,93.173
79,0.019368,2.020931,94.136
80,0.057562,4.614338,95.120
81,0.009024,4.323201,96.105
82,0.023624,2.570316,97.079
83,0.005868,0.725823,98.043
84,0.020498,0.564968,99.007
85,0.007372,0.480943,99.953
86,0.005803,0.341338,100.908
87,0.007584,0.230449,101.898
88,0.006234,0.163453,102.857
89,0.005663,0.155731,103.814
90,0.006453,0.191621,104.809
91,0.006016,0.241379,105.817
92,0.012010,0.396611,106.816
93,0.013984,1.159876,107.807
94,0.036744,5.681558,108.827
95,0.034700,3.211820,109.917
96,0.012121,0.676362,111.026
97,0.010028,0.094154,112.060
98,0.010770,0.135529,113.102
99,0.003956,0.145130,114.136
100,0.002780,0.141185,115.198
101,0.003117,0.106395,116.252
102,0.003043,0.112902,117.305
103,0.003103,0.133438,118.361
104,0.006594,0.139511,119.411
105,0.005076,0.285386,120.490
106,0.008487,0.628050,121.549
107,0.016836,2.090587,122.617
108,0.033139,6.764051,123.678
109,0.031255,3.804875,124.740
110,0.009616,0.645091,125.881
111,0.004559,0.072864,126.991
112,0.006071,0.072771,128.008
113,0.003759,0.119000,129.017
114,0.002971,0.189128,130.062
115,0.006311,0.112713,131.128
116,0.003333,0.123331,132.180
117,0.002520,0.164777,133.233
118,0.003571,0.204656,134.310
119,0.007074,0.313959,135.378
120,0.018226,0.400570,136.464
121,0.015240,1.180547,137.542
122,0.018249,4.498456,138.628
123,0.007883,3.510495,139.660
124,0.006981,1.022732,140.683
125,0.018024,1.785564,141.711
126,0.017881,0.445321,142.740
127,0.011030,0.061670,143.765
128,0.009386,0.028890,144.786
129,0.001732,0.036726,145.804
130,0.001684,0.068631,146.790
131,0.003350,0.095082,147.767
132,0.001719,0.139565,148.752
133,0.001567,0.283933,149.739
134,0.001814,0.280006,150.722
135,0.003756,0.404603,151.681
136,0.004196,0.387022,152.654
137,0.003037,0.562474,153.681
138,0.004603,0.758619,154.632
139,0.004243,1.012636,155.577
140,0.004988,0.798713,156.507
141,0.006330,0.851313,157.440
142,0.004586,0.925282,158.397
143,0.012146,0.626757,159.336
144,0.014513,0.519766,160.296
145,0.006967,0.469136,161.274
146,0.006802,0.541558,162.233
147,0.004871,0.624935,163.163
148,0.021408,0.094747,164.098
149,0.008307,0.128258,165.049
150,0.004155,0.188552,166.035
151,0.002443,0.227349,167.013
152,0.001647,0.313724,167.992
153,0.001044,0.344875,168.965
154,0.002884,0.368053,169.930
155,0.002983,0.432821,170.905
156,0.003349,0.533220,171.912
157,0.004516,0.674575,172.881
158,0.003221,0.970595,173.855
159,0.003956,0.979805,174.845
160,0.004437,0.935922,175.811
161,0.003307,0.832487,176.790
162,0.003369,0.726310,177.776
163,0.002116,0.575674,178.740
164,0.007283,0.374092,179.701
165,0.003320,0.444532,180.689
166,0.030092,0.027948,181.672
167,0.016620,1.068065,182.663
168,0.000849,2.029590,183.660
169,0.002200,1.498535,184.660
170,0.006294,0.506878,185.653
171,0.001150,0.198376,186.628
172,0.004006,0.099825,187.619
173,0.001238,0.086065,188.614
174,0.000908,0.128957,189.632
175,0.000646,0.215123,190.738
176,0.000638,0.404862,191.828
177,0.000674,0.442863,192.912
178,0.000511,0.596101,194.004
179,0.000580,0.525402,195.104
180,0.000663,0.621073,196.294
181,0.001007,0.636263,197.361
182,0.001715,0.669263,198.408
183,0.001778,0.787066,199.446
184,0.001352,1.033223,200.463
185,0.002150,1.047451,201.489
186,0.002902,0.962246,202.550
187,0.001224,1.024732,203.638
188,0.001713,1.080095,204.689
189,0.002398,1.115025,205.747
190,0.001565,1.074648,206.794
191,0.001500,1.221906,207.836
192,0.001257,1.394280,208.902
193,0.003792,1.236692,209.934
194,0.001545,1.089408,210.970
195,0.004654,0.740649,212.023
196,0.001372,0.839623,213.110
197,0.001339,0.915455,214.204
198,0.002822,0.866977,215.230
199,0.014567,0.239568,216.251
200,0.002225,0.194177,217.272
201,0.001443,0.264226,218.298
202,0.000849,0.478872,219.309
203,0.000927,0.683401,220.323
204,0.000566,0.796795,221.369
205,0.002687,1.042268,222.429
206,0.002240,0.915832,223.467
207,0.001369,0.961252,224.502
208,0.000993,1.075028,225.523
209,0.001445,1.219469,226.562
210,0.001530,1.335806,227.591
211,0.001068,1.450374,228.605
212,0.000862,1.805437,229.628
213,0.001195,1.974033,230.660
214,0.002233,2.161677,231.712
215,0.000816,2.205583,232.780
216,0.005434,1.512007,234.793
217,0.001866,1.601835,236.895
218,0.002332,1.875503,238.284
219,0.002081,2.080515,239.593
220,0.000813,2.297980,240.850
221,0.000712,2.524507,241.996
222,0.001708,2.507869,243.054
223,0.001972,2.369895,244.068
224,0.002035,2.375433,245.100
225,0.001538,2.565439,246.071
226,0.000845,2.839005,247.020
227,0.001711,3.183654,247.991
228,0.001923,3.315411,248.943
229,0.001149,3.395120,249.907
230,0.001091,3.545329,250.881
231,0.005285,2.812135,251.884
232,0.001351,2.739603,252.886
233,0.002862,2.730955,253.889
234,0.001246,3.080724,254.922
235,0.003889,3.408226,255.927
236,0.001445,3.722436,256.938
237,0.001086,3.903874,257.959
238,0.001105,4.165831,259.000
239,0.001754,4.148669,260.012
240,0.003397,4.152002,261.310
241,0.000873,4.326989,263.274
242,0.001335,4.649462,265.057
243,0.000815,4.979401,266.313
244,0.001727,5.097091,267.628
245,0.001494,5.028525,268.928
246,0.001113,5.033026,270.058
247,0.000647,5.159703,271.146
248,0.001888,5.083647,272.178
249,0.000861,5.174804,273.231
